cik,name,ticker,country,accession_number,form_type,filing_date,title,report_url,downloaded,local_path
0000927971,BANK OF MONTREAL,BMO,Canada,0001193125-25-079210,6-K,2025-04-11,d933841d6k.htm,https://www.sec.gov/Archives/edgar/data/927971/000119312525079210/0001193125-25-079210-index.htm,0,
0000927971,BANK OF MONTREAL,BMO,Canada,0001193125-25-062100,6-K,2025-03-25,d922187d6k.htm,https://www.sec.gov/Archives/edgar/data/927971/000119312525062100/0001193125-25-062100-index.htm,0,
0000927971,BANK OF MONTREAL,BMO,Canada,0001193125-25-062109,6-K,2025-03-25,d918907d6k.htm,https://www.sec.gov/Archives/edgar/data/927971/000119312525062109/0001193125-25-062109-index.htm,0,
0000927971,BANK OF MONTREAL,BMO,Canada,0001193125-25-048406,6-K,2025-03-06,d922553d6k.htm,https://www.sec.gov/Archives/edgar/data/927971/000119312525048406/0001193125-25-048406-index.htm,0,
0000927971,BANK OF MONTREAL,BMO,Canada,0001193125-25-036938,6-K,2025-02-26,d923112d6k.htm,https://www.sec.gov/Archives/edgar/data/927971/000119312525036938/0001193125-25-036938-index.htm,0,
0000927971,BANK OF MONTREAL,BMO,Canada,0001193125-25-035008,6-K,2025-02-25,d842209d6k.htm,https://www.sec.gov/Archives/edgar/data/927971/000119312525035008/0001193125-25-035008-index.htm,0,
0000927971,BANK OF MONTREAL,BMO,Canada,0001193125-25-035021,6-K,2025-02-25,d884868d6k.htm,https://www.sec.gov/Archives/edgar/data/927971/000119312525035021/0001193125-25-035021-index.htm,0,
0000927971,BANK OF MONTREAL,BMO,Canada,0001193125-25-035070,6-K,2025-02-25,d855682d6k.htm,https://www.sec.gov/Archives/edgar/data/927971/000119312525035070/0001193125-25-035070-index.htm,0,
0000927971,BANK OF MONTREAL,BMO,Canada,0001193125-25-035073,6-K,2025-02-25,d879125d6k.htm,https://www.sec.gov/Archives/edgar/data/927971/000119312525035073/0001193125-25-035073-index.htm,0,
0000927971,BANK OF MONTREAL,BMO,Canada,0001193125-25-035075,6-K,2025-02-25,d900608d6k.htm,https://www.sec.gov/Archives/edgar/data/927971/000119312525035075/0001193125-25-035075-index.htm,0,
0000927971,BANK OF MONTREAL,BMO,Canada,0001193125-25-013375,6-K,2025-01-27,d82547d6k.htm,https://www.sec.gov/Archives/edgar/data/927971/000119312525013375/0001193125-25-013375-index.htm,0,
0000927971,BANK OF MONTREAL,BMO,Canada,0001193125-25-008527,6-K,2025-01-17,d923067d6k.htm,https://www.sec.gov/Archives/edgar/data/927971/000119312525008527/0001193125-25-008527-index.htm,0,
0000927971,BANK OF MONTREAL,BMO,Canada,0001193125-25-004148,6-K,2025-01-10,d914172d6k.htm,https://www.sec.gov/Archives/edgar/data/927971/000119312525004148/0001193125-25-004148-index.htm,0,
0000927971,BANK OF MONTREAL,BMO,Canada,0001176256-25-000002,6-K,2025-01-08,bmo6knomrd.htm,https://www.sec.gov/Archives/edgar/data/927971/000117625625000002/0001176256-25-000002-index.htm,0,
0000927971,BANK OF MONTREAL,BMO,Canada,0001193125-24-275607,6-K,2024-12-11,d866139d6k.htm,https://www.sec.gov/Archives/edgar/data/927971/000119312524275607/0001193125-24-275607-index.htm,0,
0000927971,BANK OF MONTREAL,BMO,Canada,0001193125-24-271390,6-K,2024-12-05,d884792d6k.htm,https://www.sec.gov/Archives/edgar/data/927971/000119312524271390/0001193125-24-271390-index.htm,0,
0000927971,BANK OF MONTREAL,BMO,Canada,0001193125-24-271393,6-K,2024-12-05,d857052d6k.htm,https://www.sec.gov/Archives/edgar/data/927971/000119312524271393/0001193125-24-271393-index.htm,0,
0000927971,BANK OF MONTREAL,BMO,Canada,0001193125-24-271395,40-F,2024-12-05,d878486d40f.htm,https://www.sec.gov/Archives/edgar/data/927971/000119312524271395/0001193125-24-271395-index.htm,0,
0000927971,BANK OF MONTREAL,BMO,Canada,0001193125-24-271400,6-K,2024-12-05,d878717d6k.htm,https://www.sec.gov/Archives/edgar/data/927971/000119312524271400/0001193125-24-271400-index.htm,0,
0000927971,BANK OF MONTREAL,BMO,Canada,0001193125-24-271405,6-K,2024-12-05,d876486d6k.htm,https://www.sec.gov/Archives/edgar/data/927971/000119312524271405/0001193125-24-271405-index.htm,0,
0000927971,BANK OF MONTREAL,BMO,Canada,0001193125-24-271413,6-K,2024-12-05,d900642d6k.htm,https://www.sec.gov/Archives/edgar/data/927971/000119312524271413/0001193125-24-271413-index.htm,0,
0000927971,BANK OF MONTREAL,BMO,Canada,0001193125-24-271416,6-K,2024-12-05,d879886d6k.htm,https://www.sec.gov/Archives/edgar/data/927971/000119312524271416/0001193125-24-271416-index.htm,0,
0000927971,BANK OF MONTREAL,BMO,Canada,0001214659-24-019422,6-K,2024-11-20,p10232456k.htm,https://www.sec.gov/Archives/edgar/data/927971/000121465924019422/0001214659-24-019422-index.htm,0,
0000927971,BANK OF MONTREAL,BMO,Canada,0001193125-24-232358,6-K,2024-10-03,d829990d6k.htm,https://www.sec.gov/Archives/edgar/data/927971/000119312524232358/0001193125-24-232358-index.htm,0,
0000927971,BANK OF MONTREAL,BMO,Canada,0001193125-24-218253,6-K,2024-09-13,d823081d6k.htm,https://www.sec.gov/Archives/edgar/data/927971/000119312524218253/0001193125-24-218253-index.htm,0,
0000927971,BANK OF MONTREAL,BMO,Canada,0001193125-24-216646,6-K,2024-09-10,d879848d6k.htm,https://www.sec.gov/Archives/edgar/data/927971/000119312524216646/0001193125-24-216646-index.htm,0,
0000927971,BANK OF MONTREAL,BMO,Canada,0001193125-24-207629,6-K,2024-08-27,d824675d6k.htm,https://www.sec.gov/Archives/edgar/data/927971/000119312524207629/0001193125-24-207629-index.htm,0,
0000927971,BANK OF MONTREAL,BMO,Canada,0001193125-24-207636,6-K,2024-08-27,d856288d6k.htm,https://www.sec.gov/Archives/edgar/data/927971/000119312524207636/0001193125-24-207636-index.htm,0,
0000927971,BANK OF MONTREAL,BMO,Canada,0001193125-24-207641,6-K,2024-08-27,d863120d6k.htm,https://www.sec.gov/Archives/edgar/data/927971/000119312524207641/0001193125-24-207641-index.htm,0,
0000927971,BANK OF MONTREAL,BMO,Canada,0001193125-24-207642,6-K,2024-08-27,d863177d6k.htm,https://www.sec.gov/Archives/edgar/data/927971/000119312524207642/0001193125-24-207642-index.htm,0,
0000927971,BANK OF MONTREAL,BMO,Canada,0001193125-24-207646,6-K,2024-08-27,d861506d6k.htm,https://www.sec.gov/Archives/edgar/data/927971/000119312524207646/0001193125-24-207646-index.htm,0,
0000927971,BANK OF MONTREAL,BMO,Canada,0001193125-24-198974,6-K,2024-08-12,d747016d6k.htm,https://www.sec.gov/Archives/edgar/data/927971/000119312524198974/0001193125-24-198974-index.htm,0,
0000927971,BANK OF MONTREAL,BMO,Canada,0001193125-24-182281,6-K,2024-07-22,d868177d6k.htm,https://www.sec.gov/Archives/edgar/data/927971/000119312524182281/0001193125-24-182281-index.htm,0,
0000927971,BANK OF MONTREAL,BMO,Canada,0001193125-24-180401,6-K,2024-07-17,d817903d6k.htm,https://www.sec.gov/Archives/edgar/data/927971/000119312524180401/0001193125-24-180401-index.htm,0,
0000927971,BANK OF MONTREAL,BMO,Canada,0001193125-24-167936,6-K,2024-06-25,d844814d6k.htm,https://www.sec.gov/Archives/edgar/data/927971/000119312524167936/0001193125-24-167936-index.htm,0,
0000927971,BANK OF MONTREAL,BMO,Canada,0001193125-24-154306,6-K,2024-06-04,d792153d6k.htm,https://www.sec.gov/Archives/edgar/data/927971/000119312524154306/0001193125-24-154306-index.htm,0,
0000927971,BANK OF MONTREAL,BMO,Canada,0001193125-24-148963,6-K,2024-05-29,d763061d6k.htm,https://www.sec.gov/Archives/edgar/data/927971/000119312524148963/0001193125-24-148963-index.htm,0,
0000927971,BANK OF MONTREAL,BMO,Canada,0001193125-24-149014,6-K,2024-05-29,d808706d6k.htm,https://www.sec.gov/Archives/edgar/data/927971/000119312524149014/0001193125-24-149014-index.htm,0,
0000927971,BANK OF MONTREAL,BMO,Canada,0001193125-24-149026,6-K,2024-05-29,d809270d6k.htm,https://www.sec.gov/Archives/edgar/data/927971/000119312524149026/0001193125-24-149026-index.htm,0,
0000927971,BANK OF MONTREAL,BMO,Canada,0001193125-24-149034,6-K,2024-05-29,d808135d6k.htm,https://www.sec.gov/Archives/edgar/data/927971/000119312524149034/0001193125-24-149034-index.htm,0,
0000927971,BANK OF MONTREAL,BMO,Canada,0001193125-24-149042,6-K,2024-05-29,d793917d6k.htm,https://www.sec.gov/Archives/edgar/data/927971/000119312524149042/0001193125-24-149042-index.htm,0,
0000947263,ROYAL BANK OF CANADA,RY,Canada,0001193125-25-085771,6-K,2025-04-18,d887879d6k.htm,https://www.sec.gov/Archives/edgar/data/947263/000119312525085771/0001193125-25-085771-index.htm,1,/Users/saadahmed/Desktop/Apps/BussGPT/news_collector/data/reports/sec/0000947263/20250418_6-K_0001193125_25_085771.html
0000947263,ROYAL BANK OF CANADA,RY,Canada,0001279569-25-000372,6-K,2025-04-11,tdbank6k.htm,https://www.sec.gov/Archives/edgar/data/947263/000127956925000372/0001279569-25-000372-index.htm,1,/Users/saadahmed/Desktop/Apps/BussGPT/news_collector/data/reports/sec/0000947263/20250411_6-K_0001279569_25_000372.html
0000947263,ROYAL BANK OF CANADA,RY,Canada,0001279569-25-000288,6-K,2025-03-21,tdbank6k.htm,https://www.sec.gov/Archives/edgar/data/947263/000127956925000288/0001279569-25-000288-index.htm,1,/Users/saadahmed/Desktop/Apps/BussGPT/news_collector/data/reports/sec/0000947263/20250321_6-K_0001279569_25_000288.html
0000947263,ROYAL BANK OF CANADA,RY,Canada,0001104659-25-020238,6-K,2025-03-04,tm251010d12_6k.htm,https://www.sec.gov/Archives/edgar/data/947263/000110465925020238/0001104659-25-020238-index.htm,1,/Users/saadahmed/Desktop/Apps/BussGPT/news_collector/data/reports/sec/0000947263/20250304_6-K_0001104659_25_020238.html
0000947263,ROYAL BANK OF CANADA,RY,Canada,0001279569-25-000224,6-K,2025-03-04,tdbank6k.htm,https://www.sec.gov/Archives/edgar/data/947263/000127956925000224/0001279569-25-000224-index.htm,1,/Users/saadahmed/Desktop/Apps/BussGPT/news_collector/data/reports/sec/0000947263/20250304_6-K_0001279569_25_000224.html
0000947263,ROYAL BANK OF CANADA,RY,Canada,0001279569-25-000225,6-K,2025-03-04,tdbank6k.htm,https://www.sec.gov/Archives/edgar/data/947263/000127956925000225/0001279569-25-000225-index.htm,1,/Users/saadahmed/Desktop/Apps/BussGPT/news_collector/data/reports/sec/0000947263/20250304_6-K_0001279569_25_000225.html
0000947263,ROYAL BANK OF CANADA,RY,Canada,0001193125-25-037113,6-K,2025-02-27,d905738d6k.htm,https://www.sec.gov/Archives/edgar/data/947263/000119312525037113/0001193125-25-037113-index.htm,1,/Users/saadahmed/Desktop/Apps/BussGPT/news_collector/data/reports/sec/0000947263/20250227_6-K_0001193125_25_037113.html
0000947263,ROYAL BANK OF CANADA,RY,Canada,0001562762-25-000034,6-K,2025-02-27,6k20250131.htm,https://www.sec.gov/Archives/edgar/data/947263/000156276225000034/0001562762-25-000034-index.htm,1,/Users/saadahmed/Desktop/Apps/BussGPT/news_collector/data/reports/sec/0000947263/20250227_6-K_0001562762_25_000034.html
0000947263,ROYAL BANK OF CANADA,RY,Canada,0001279569-25-000188,6-K,2025-02-25,tdbank6k.htm,https://www.sec.gov/Archives/edgar/data/947263/000127956925000188/0001279569-25-000188-index.htm,1,/Users/saadahmed/Desktop/Apps/BussGPT/news_collector/data/reports/sec/0000947263/20250225_6-K_0001279569_25_000188.html
0000947263,ROYAL BANK OF CANADA,RY,Canada,0001193125-25-028668,6-K,2025-02-18,d929735d6k.htm,https://www.sec.gov/Archives/edgar/data/947263/000119312525028668/0001193125-25-028668-index.htm,1,/Users/saadahmed/Desktop/Apps/BussGPT/news_collector/data/reports/sec/0000947263/20250218_6-K_0001193125_25_028668.html
0000947263,ROYAL BANK OF CANADA,RY,Canada,0001279569-25-000132,6-K,2025-02-13,tdbank6k.htm,https://www.sec.gov/Archives/edgar/data/947263/000127956925000132/0001279569-25-000132-index.htm,1,/Users/saadahmed/Desktop/Apps/BussGPT/news_collector/data/reports/sec/0000947263/20250213_6-K_0001279569_25_000132.html
0000947263,ROYAL BANK OF CANADA,RY,Canada,0001279569-25-000122,6-K,2025-02-11,tdbank6k.htm,https://www.sec.gov/Archives/edgar/data/947263/000127956925000122/0001279569-25-000122-index.htm,1,/Users/saadahmed/Desktop/Apps/BussGPT/news_collector/data/reports/sec/0000947263/20250211_6-K_0001279569_25_000122.html
0000947263,ROYAL BANK OF CANADA,RY,Canada,0001279569-25-000116,6-K,2025-02-10,tdbank6k.htm,https://www.sec.gov/Archives/edgar/data/947263/000127956925000116/0001279569-25-000116-index.htm,1,/Users/saadahmed/Desktop/Apps/BussGPT/news_collector/data/reports/sec/0000947263/20250210_6-K_0001279569_25_000116.html
0000947263,ROYAL BANK OF CANADA,RY,Canada,0001279569-25-000112,6-K,2025-02-07,tdbank6k.htm,https://www.sec.gov/Archives/edgar/data/947263/000127956925000112/0001279569-25-000112-index.htm,1,/Users/saadahmed/Desktop/Apps/BussGPT/news_collector/data/reports/sec/0000947263/20250207_6-K_0001279569_25_000112.html
0000947263,ROYAL BANK OF CANADA,RY,Canada,0001193125-25-018419,6-K,2025-01-31,d910324d6k.htm,https://www.sec.gov/Archives/edgar/data/947263/000119312525018419/0001193125-25-018419-index.htm,1,/Users/saadahmed/Desktop/Apps/BussGPT/news_collector/data/reports/sec/0000947263/20250131_6-K_0001193125_25_018419.html
0000947263,ROYAL BANK OF CANADA,RY,Canada,0001279569-25-000096,6-K,2025-01-31,tdbank6k.htm,https://www.sec.gov/Archives/edgar/data/947263/000127956925000096/0001279569-25-000096-index.htm,1,/Users/saadahmed/Desktop/Apps/BussGPT/news_collector/data/reports/sec/0000947263/20250131_6-K_0001279569_25_000096.html
0000947263,ROYAL BANK OF CANADA,RY,Canada,0001279569-25-000080,6-K,2025-01-28,tdbank6k.htm,https://www.sec.gov/Archives/edgar/data/947263/000127956925000080/0001279569-25-000080-index.htm,1,/Users/saadahmed/Desktop/Apps/BussGPT/news_collector/data/reports/sec/0000947263/20250128_6-K_0001279569_25_000080.html
0000947263,ROYAL BANK OF CANADA,RY,Canada,0001193125-25-013195,6-K,2025-01-27,d924552d6k.htm,https://www.sec.gov/Archives/edgar/data/947263/000119312525013195/0001193125-25-013195-index.htm,1,/Users/saadahmed/Desktop/Apps/BussGPT/news_collector/data/reports/sec/0000947263/20250127_6-K_0001193125_25_013195.html
0000947263,ROYAL BANK OF CANADA,RY,Canada,0001279569-25-000075,6-K,2025-01-24,tdbank6k.htm,https://www.sec.gov/Archives/edgar/data/947263/000127956925000075/0001279569-25-000075-index.htm,1,/Users/saadahmed/Desktop/Apps/BussGPT/news_collector/data/reports/sec/0000947263/20250124_6-K_0001279569_25_000075.html
0000947263,ROYAL BANK OF CANADA,RY,Canada,0001279569-25-000072,6-K,2025-01-22,tdbank6k.htm,https://www.sec.gov/Archives/edgar/data/947263/000127956925000072/0001279569-25-000072-index.htm,1,/Users/saadahmed/Desktop/Apps/BussGPT/news_collector/data/reports/sec/0000947263/20250122_6-K_0001279569_25_000072.html
0000947263,ROYAL BANK OF CANADA,RY,Canada,0001279569-25-000048,6-K,2025-01-17,tdbank6k.htm,https://www.sec.gov/Archives/edgar/data/947263/000127956925000048/0001279569-25-000048-index.htm,1,/Users/saadahmed/Desktop/Apps/BussGPT/news_collector/data/reports/sec/0000947263/20250117_6-K_0001279569_25_000048.html
0000947263,ROYAL BANK OF CANADA,RY,Canada,0001279569-25-000034,6-K,2025-01-14,tdbank6k.htm,https://www.sec.gov/Archives/edgar/data/947263/000127956925000034/0001279569-25-000034-index.htm,1,/Users/saadahmed/Desktop/Apps/BussGPT/news_collector/data/reports/sec/0000947263/20250114_6-K_0001279569_25_000034.html
0000947263,ROYAL BANK OF CANADA,RY,Canada,0001279569-24-001508,6-K,2024-12-26,tdbank6k.htm,https://www.sec.gov/Archives/edgar/data/947263/000127956924001508/0001279569-24-001508-index.htm,1,/Users/saadahmed/Desktop/Apps/BussGPT/news_collector/data/reports/sec/0000947263/20241226_6-K_0001279569_24_001508.html
0000947263,ROYAL BANK OF CANADA,RY,Canada,0001193125-24-280508,6-K,2024-12-17,d912436d6k.htm,https://www.sec.gov/Archives/edgar/data/947263/000119312524280508/0001193125-24-280508-index.htm,1,/Users/saadahmed/Desktop/Apps/BussGPT/news_collector/data/reports/sec/0000947263/20241217_6-K_0001193125_24_280508.html
0000947263,ROYAL BANK OF CANADA,RY,Canada,0001279569-24-001475,6-K,2024-12-11,tdbank6k.htm,https://www.sec.gov/Archives/edgar/data/947263/000127956924001475/0001279569-24-001475-index.htm,1,/Users/saadahmed/Desktop/Apps/BussGPT/news_collector/data/reports/sec/0000947263/20241211_6-K_0001279569_24_001475.html
0000947263,ROYAL BANK OF CANADA,RY,Canada,0001562762-24-000279,6-K,2024-12-06,edgar024annualreport.htm,https://www.sec.gov/Archives/edgar/data/947263/000156276224000279/0001562762-24-000279-index.htm,1,/Users/saadahmed/Desktop/Apps/BussGPT/news_collector/data/reports/sec/0000947263/20241206_6-K_0001562762_24_000279.html
0000947263,ROYAL BANK OF CANADA,RY,Canada,0001562762-24-000281,40-F,2024-12-06,40f20241031.htm,https://www.sec.gov/Archives/edgar/data/947263/000156276224000281/0001562762-24-000281-index.htm,1,/Users/saadahmed/Desktop/Apps/BussGPT/news_collector/data/reports/sec/0000947263/20241206_40-F_0001562762_24_000281.html
0000947263,ROYAL BANK OF CANADA,RY,Canada,0001193125-24-268446,6-K,2024-12-02,d868035d6k.htm,https://www.sec.gov/Archives/edgar/data/947263/000119312524268446/0001193125-24-268446-index.htm,1,/Users/saadahmed/Desktop/Apps/BussGPT/news_collector/data/reports/sec/0000947263/20241202_6-K_0001193125_24_268446.html
0000947263,ROYAL BANK OF CANADA,RY,Canada,0001193125-24-268986,6-K,2024-12-02,d847454d6k.htm,https://www.sec.gov/Archives/edgar/data/947263/000119312524268986/0001193125-24-268986-index.htm,1,/Users/saadahmed/Desktop/Apps/BussGPT/news_collector/data/reports/sec/0000947263/20241202_6-K_0001193125_24_268986.html
0000947263,ROYAL BANK OF CANADA,RY,Canada,0001279569-24-001421,6-K,2024-11-22,tdbank6k.htm,https://www.sec.gov/Archives/edgar/data/947263/000127956924001421/0001279569-24-001421-index.htm,1,/Users/saadahmed/Desktop/Apps/BussGPT/news_collector/data/reports/sec/0000947263/20241122_6-K_0001279569_24_001421.html
0000947263,ROYAL BANK OF CANADA,RY,Canada,0001279569-24-001283,6-K,2024-10-30,tdbank6k.htm,https://www.sec.gov/Archives/edgar/data/947263/000127956924001283/0001279569-24-001283-index.htm,1,/Users/saadahmed/Desktop/Apps/BussGPT/news_collector/data/reports/sec/0000947263/20241030_6-K_0001279569_24_001283.html
0000947263,ROYAL BANK OF CANADA,RY,Canada,0001279569-24-001232,6-K,2024-10-17,tdbank6k.htm,https://www.sec.gov/Archives/edgar/data/947263/000127956924001232/0001279569-24-001232-index.htm,1,/Users/saadahmed/Desktop/Apps/BussGPT/news_collector/data/reports/sec/0000947263/20241017_6-K_0001279569_24_001232.html
0000947263,ROYAL BANK OF CANADA,RY,Canada,0001279569-24-001230,6-K,2024-10-16,tdbank6k.htm,https://www.sec.gov/Archives/edgar/data/947263/000127956924001230/0001279569-24-001230-index.htm,1,/Users/saadahmed/Desktop/Apps/BussGPT/news_collector/data/reports/sec/0000947263/20241016_6-K_0001279569_24_001230.html
0000947263,ROYAL BANK OF CANADA,RY,Canada,0001193125-24-236631,6-K,2024-10-11,d832799d6k.htm,https://www.sec.gov/Archives/edgar/data/947263/000119312524236631/0001193125-24-236631-index.htm,1,/Users/saadahmed/Desktop/Apps/BussGPT/news_collector/data/reports/sec/0000947263/20241011_6-K_0001193125_24_236631.html
0000947263,ROYAL BANK OF CANADA,RY,Canada,0001193125-24-236027,6-K,2024-10-10,d829657d6k.htm,https://www.sec.gov/Archives/edgar/data/947263/000119312524236027/0001193125-24-236027-index.htm,1,/Users/saadahmed/Desktop/Apps/BussGPT/news_collector/data/reports/sec/0000947263/20241010_6-K_0001193125_24_236027.html
0000947263,ROYAL BANK OF CANADA,RY,Canada,0001193125-24-231197,6-K,2024-10-02,d869910d6k.htm,https://www.sec.gov/Archives/edgar/data/947263/000119312524231197/0001193125-24-231197-index.htm,1,/Users/saadahmed/Desktop/Apps/BussGPT/news_collector/data/reports/sec/0000947263/20241002_6-K_0001193125_24_231197.html
0000947263,ROYAL BANK OF CANADA,RY,Canada,0001279569-24-001177,6-K,2024-10-02,tdbank6k.htm,https://www.sec.gov/Archives/edgar/data/947263/000127956924001177/0001279569-24-001177-index.htm,1,/Users/saadahmed/Desktop/Apps/BussGPT/news_collector/data/reports/sec/0000947263/20241002_6-K_0001279569_24_001177.html
0000947263,ROYAL BANK OF CANADA,RY,Canada,0001279569-24-001152,6-K,2024-09-24,tdbank6k.htm,https://www.sec.gov/Archives/edgar/data/947263/000127956924001152/0001279569-24-001152-index.htm,1,/Users/saadahmed/Desktop/Apps/BussGPT/news_collector/data/reports/sec/0000947263/20240924_6-K_0001279569_24_001152.html
0000947263,ROYAL BANK OF CANADA,RY,Canada,0001193125-24-221793,6-K,2024-09-19,d868487d6k.htm,https://www.sec.gov/Archives/edgar/data/947263/000119312524221793/0001193125-24-221793-index.htm,1,/Users/saadahmed/Desktop/Apps/BussGPT/news_collector/data/reports/sec/0000947263/20240919_6-K_0001193125_24_221793.html
0000947263,ROYAL BANK OF CANADA,RY,Canada,0001193125-24-216627,6-K,2024-09-10,d801850d6k.htm,https://www.sec.gov/Archives/edgar/data/947263/000119312524216627/0001193125-24-216627-index.htm,1,/Users/saadahmed/Desktop/Apps/BussGPT/news_collector/data/reports/sec/0000947263/20240910_6-K_0001193125_24_216627.html
0000947263,ROYAL BANK OF CANADA,RY,Canada,0001193125-24-212446,6-K,2024-09-04,d838916d6k.htm,https://www.sec.gov/Archives/edgar/data/947263/000119312524212446/0001193125-24-212446-index.htm,1,/Users/saadahmed/Desktop/Apps/BussGPT/news_collector/data/reports/sec/0000947263/20240904_6-K_0001193125_24_212446.html
0000947263,ROYAL BANK OF CANADA,RY,Canada,0001193125-24-205498,6-K,2024-08-23,d855431d6k.htm,https://www.sec.gov/Archives/edgar/data/947263/000119312524205498/0001193125-24-205498-index.htm,1,/Users/saadahmed/Desktop/Apps/BussGPT/news_collector/data/reports/sec/0000947263/20240823_6-K_0001193125_24_205498.html
0000947263,ROYAL BANK OF CANADA,RY,Canada,0001279569-24-001039,6-K,2024-08-22,tdbank6k.htm,https://www.sec.gov/Archives/edgar/data/947263/000127956924001039/0001279569-24-001039-index.htm,1,/Users/saadahmed/Desktop/Apps/BussGPT/news_collector/data/reports/sec/0000947263/20240822_6-K_0001279569_24_001039.html
0000947263,ROYAL BANK OF CANADA,RY,Canada,0001562762-24-000211,6-K,2024-08-22,6k20240430.htm,https://www.sec.gov/Archives/edgar/data/947263/000156276224000211/0001562762-24-000211-index.htm,1,/Users/saadahmed/Desktop/Apps/BussGPT/news_collector/data/reports/sec/0000947263/20240822_6-K_0001562762_24_000211.html
0000947263,ROYAL BANK OF CANADA,RY,Canada,0001279569-24-000899,6-K,2024-07-17,tdbank6k.htm,https://www.sec.gov/Archives/edgar/data/947263/000127956924000899/0001279569-24-000899-index.htm,1,/Users/saadahmed/Desktop/Apps/BussGPT/news_collector/data/reports/sec/0000947263/20240717_6-K_0001279569_24_000899.html
0000947263,ROYAL BANK OF CANADA,RY,Canada,0001279569-24-000851,6-K,2024-07-05,tdbank6k.htm,https://www.sec.gov/Archives/edgar/data/947263/000127956924000851/0001279569-24-000851-index.htm,1,/Users/saadahmed/Desktop/Apps/BussGPT/news_collector/data/reports/sec/0000947263/20240705_6-K_0001279569_24_000851.html
0000947263,ROYAL BANK OF CANADA,RY,Canada,0001193125-24-175092,6-K,2024-07-03,d672390d6k.htm,https://www.sec.gov/Archives/edgar/data/947263/000119312524175092/0001193125-24-175092-index.htm,1,/Users/saadahmed/Desktop/Apps/BussGPT/news_collector/data/reports/sec/0000947263/20240703_6-K_0001193125_24_175092.html
0000947263,ROYAL BANK OF CANADA,RY,Canada,0001279569-24-000824,6-K,2024-07-02,tdbank6k.htm,https://www.sec.gov/Archives/edgar/data/947263/000127956924000824/0001279569-24-000824-index.htm,1,/Users/saadahmed/Desktop/Apps/BussGPT/news_collector/data/reports/sec/0000947263/20240702_6-K_0001279569_24_000824.html
0000947263,ROYAL BANK OF CANADA,RY,Canada,0001279569-24-000798,6-K,2024-06-26,tdbank6k.htm,https://www.sec.gov/Archives/edgar/data/947263/000127956924000798/0001279569-24-000798-index.htm,1,/Users/saadahmed/Desktop/Apps/BussGPT/news_collector/data/reports/sec/0000947263/20240626_6-K_0001279569_24_000798.html
0000947263,ROYAL BANK OF CANADA,RY,Canada,0001279569-24-000799,6-K,2024-06-26,tdbank6k.htm,https://www.sec.gov/Archives/edgar/data/947263/000127956924000799/0001279569-24-000799-index.htm,1,/Users/saadahmed/Desktop/Apps/BussGPT/news_collector/data/reports/sec/0000947263/20240626_6-K_0001279569_24_000799.html
0000947263,ROYAL BANK OF CANADA,RY,Canada,0001193125-24-167214,6-K,2024-06-25,d856426d6k.htm,https://www.sec.gov/Archives/edgar/data/947263/000119312524167214/0001193125-24-167214-index.htm,1,/Users/saadahmed/Desktop/Apps/BussGPT/news_collector/data/reports/sec/0000947263/20240625_6-K_0001193125_24_167214.html
0000947263,ROYAL BANK OF CANADA,RY,Canada,0001279569-24-000780,6-K,2024-06-21,tdbank6k.htm,https://www.sec.gov/Archives/edgar/data/947263/000127956924000780/0001279569-24-000780-index.htm,1,/Users/saadahmed/Desktop/Apps/BussGPT/news_collector/data/reports/sec/0000947263/20240621_6-K_0001279569_24_000780.html
0000947263,ROYAL BANK OF CANADA,RY,Canada,0001562762-24-000148,6-K,2024-05-23,6k20240430.htm,https://www.sec.gov/Archives/edgar/data/947263/000156276224000148/0001562762-24-000148-index.htm,1,/Users/saadahmed/Desktop/Apps/BussGPT/news_collector/data/reports/sec/0000947263/20240523_6-K_0001562762_24_000148.html
0000947263,ROYAL BANK OF CANADA,RY,Canada,0001279569-24-000529,6-K,2024-05-06,tdbank6k.htm,https://www.sec.gov/Archives/edgar/data/947263/000127956924000529/0001279569-24-000529-index.htm,1,/Users/saadahmed/Desktop/Apps/BussGPT/news_collector/data/reports/sec/0000947263/20240506_6-K_0001279569_24_000529.html
